[
    {
        "fn": null,
        "ln": null,
        "un": null,
        "id": null,
        "pn": null,
        "em": null,
        "p": null
    },
    {
        "fn": "",
        "ln": "",
        "un": "",
        "id": "",
        "pn": "",
        "em": "",
        "p": ""
    },
    {
        "fn": "",
        "ln": "",
        "un": "",
        "id": "",
        "pn": "",
        "em": "",
        "p": ""
    },
    {
        "fn": "",
        "ln": "",
        "un": "",
        "id": "",
        "pn": "",
        "em": "",
        "p": ""
    },
    {
        "fn": "",
        "ln": "",
        "un": "",
        "id": "",
        "pn": "",
        "em": "",
        "p": ""
    },
    {
        "fn": "",
        "ln": "",
        "un": "",
        "id": "",
        "pn": "",
        "em": "",
        "p": ""
    },
    {
        "fn": "",
        "ln": "",
        "un": "",
        "id": "",
        "pn": "",
        "em": "",
        "p": ""
    },
    {
        "fn": "",
        "ln": "",
        "un": "",
        "id": "",
        "pn": "",
        "em": "",
        "p": ""
    },
    {
        "fn": null,
        "ln": null,
        "un": null,
        "id": null,
        "pn": null,
        "em": null,
        "p": null
    },
    {
        "fn": "fghhh",
        "ln": "ghfghgfh",
        "un": "hhfghgfh",
        "id": "488",
        "pn": "536536",
        "em": "htyhh@gkjgjk.com",
        "p": "fghfgh"
    },
    {
        "fn": null,
        "ln": null,
        "un": null,
        "id": null,
        "pn": null,
        "em": null,
        "p": null
    },
    {
        "fn": null,
        "ln": null,
        "un": null,
        "id": null,
        "pn": null,
        "em": null,
        "p": null
    },
    {
        "fn": null,
        "ln": null,
        "un": null,
        "id": null,
        "pn": null,
        "em": null,
        "p": null
    },
    {
        "fn": null,
        "ln": null,
        "un": null,
        "id": null,
        "pn": null,
        "em": null,
        "p": null
    }
]